SEASON_ID,TEAM_ID,TEAM_ABBREVIATION,TEAM_NAME,GAME_ID,GAME_DATE,MATCHUP,WL,MIN,FGM,FGA,FG_PCT,FG3M,FG3A,FG3_PCT,FTM,FTA,FT_PCT,OREB,DREB,REB,AST,STL,BLK,TOV,PF,PTS,PLUS_MINUS,VIDEO_AVAILABLE
22023,1610612744,GSW,Golden State Warriors,22301182,2024-04-12,GSW vs. NOP,L,240,40,86,0.465,13,34,0.382,16,21,0.762,11,42,53,27,6,5,16,15,109,-5,1
22023,1610612744,GSW,Golden State Warriors,22301097,2024-04-05,GSW @ DAL,L,240,41,93,0.441,12,35,0.343,12,18,0.667,11,33,44,27,12,5,15,19,106,-2,1
22023,1610612744,GSW,Golden State Warriors,22301049,2024-03-27,GSW @ ORL,W,240,40,90,0.444,10,34,0.294,11,13,0.846,12,40,52,26,5,5,13,18,101,8,1
22023,1610612744,GSW,Golden State Warriors,22300907,2024-03-07,GSW vs. CHI,L,240,44,97,0.454,11,42,0.262,23,28,0.821,13,35,48,31,8,2,11,22,122,-3,1
22023,1610612744,GSW,Golden State Warriors,22300860,2024-03-01,GSW @ TOR,W,240,44,98,0.449,18,44,0.409,14,18,0.778,15,41,56,26,10,5,14,14,120,15,1
22023,1610612744,GSW,Golden State Warriors,22300811,2024-02-23,GSW vs. CHA,W,240,38,89,0.427,13,42,0.31,8,10,0.8,13,40,53,28,7,7,22,15,97,13,1
22023,1610612744,GSW,Golden State Warriors,22300576,2024-02-15,GSW @ UTA,W,240,49,92,0.533,20,42,0.476,22,28,0.786,13,28,41,42,8,6,13,19,140,3,1
22023,1610612744,GSW,Golden State Warriors,22300733,2024-02-08,GSW @ IND,W,240,52,93,0.559,17,32,0.531,10,13,0.769,10,39,49,33,7,7,17,22,131,22,1
22023,1610612744,GSW,Golden State Warriors,22300699,2024-02-03,GSW @ ATL,L,265,50,112,0.446,18,56,0.321,16,20,0.8,14,43,57,26,4,7,14,23,134,-7,1
22023,1610612744,GSW,Golden State Warriors,22300632,2024-01-25,GSW vs. SAC,L,240,48,86,0.558,19,37,0.514,18,23,0.783,6,27,33,30,7,3,13,19,133,-1,1
22023,1610612744,GSW,Golden State Warriors,22300545,2024-01-13,GSW @ MIL,L,240,47,98,0.48,15,36,0.417,9,14,0.643,12,29,41,23,5,4,8,16,118,-11,1
22023,1610612744,GSW,Golden State Warriors,22300490,2024-01-05,GSW vs. DET,W,240,38,82,0.463,16,38,0.421,21,25,0.84,7,38,45,24,3,5,19,18,113,4,1
22023,1610612744,GSW,Golden State Warriors,22300399,2023-12-23,GSW vs. POR,W,240,48,83,0.578,10,33,0.303,20,24,0.833,13,36,49,38,8,2,18,14,126,20,1
22023,1610612744,GSW,Golden State Warriors,22300348,2023-12-17,GSW @ POR,W,240,46,87,0.529,13,38,0.342,13,19,0.684,11,32,43,31,10,4,14,20,118,4,1
22023,1610612744,GSW,Golden State Warriors,22300186,2023-11-12,GSW vs. MIN,L,240,37,96,0.385,12,43,0.279,24,28,0.857,19,32,51,24,9,0,14,28,110,-6,1
22023,1610612744,GSW,Golden State Warriors,22300145,2023-11-06,GSW @ DET,W,240,46,97,0.474,12,41,0.293,16,21,0.762,17,27,44,26,8,4,11,14,120,11,1
22023,1610612744,GSW,Golden State Warriors,22300108,2023-10-30,GSW @ NOP,W,240,51,98,0.52,15,41,0.366,13,20,0.65,21,43,64,28,6,7,15,21,130,28,1
22023,1610612737,ATL,Atlanta Hawks,22301159,2024-04-10,ATL vs. CHA,L,240,43,82,0.524,18,40,0.45,10,16,0.625,7,31,38,35,7,2,18,20,114,-1,1
22023,1610612737,ATL,Atlanta Hawks,22301124,2024-04-04,ATL @ DAL,L,240,34,85,0.4,13,38,0.342,14,21,0.667,11,45,56,21,7,2,21,22,95,-14,1
22023,1610612737,ATL,Atlanta Hawks,22301060,2024-03-28,ATL vs. BOS,W,265,51,104,0.49,15,44,0.341,6,10,0.6,17,36,53,24,5,5,11,17,123,1,1
22023,1610612737,ATL,Atlanta Hawks,22300990,2024-03-18,ATL @ LAL,L,240,42,98,0.429,9,41,0.22,12,15,0.8,12,30,42,32,8,5,9,14,105,-31,1
22023,1610612737,ATL,Atlanta Hawks,22300895,2024-03-06,ATL vs. CLE,W,240,43,84,0.512,11,30,0.367,15,20,0.75,8,34,42,27,7,3,11,17,112,11,1
22023,1610612737,ATL,Atlanta Hawks,22300754,2024-02-10,ATL vs. HOU,W,240,40,88,0.455,14,41,0.341,28,37,0.757,9,32,41,25,7,8,11,18,122,9,1
22023,1610612737,ATL,Atlanta Hawks,22300699,2024-02-03,ATL vs. GSW,W,265,55,114,0.482,14,43,0.326,17,22,0.773,16,41,57,27,5,4,8,20,141,7,1
22023,1610612737,ATL,Atlanta Hawks,22300595,2024-01-20,ATL vs. CLE,L,240,37,93,0.398,11,38,0.289,10,15,0.667,11,34,45,25,5,4,11,15,95,-21,1
22023,1610612737,ATL,Atlanta Hawks,22300543,2024-01-13,ATL vs. WAS,L,240,32,93,0.344,11,40,0.275,24,33,0.727,16,34,50,21,9,7,16,20,99,-28,1
22023,1610612737,ATL,Atlanta Hawks,22300393,2023-12-23,ATL vs. MEM,L,240,45,96,0.469,13,43,0.302,16,20,0.8,13,28,41,28,8,5,11,22,119,-6,1
22023,1610612737,ATL,Atlanta Hawks,22300336,2023-12-16,ATL @ CLE,L,240,41,85,0.482,15,36,0.417,22,25,0.88,6,28,34,21,5,4,11,21,119,-8,1
22023,1610612737,ATL,Atlanta Hawks,22300246,2023-11-26,ATL @ BOS,L,240,36,88,0.409,19,53,0.358,12,19,0.632,11,32,43,15,5,4,16,17,103,-10,1
22023,1610612737,ATL,Atlanta Hawks,22300227,2023-11-22,ATL vs. BKN,W,265,51,116,0.44,18,49,0.367,27,29,0.931,22,36,58,24,10,8,14,18,147,2,1
22023,1610612737,ATL,Atlanta Hawks,22300193,2023-11-15,ATL vs. NYK,L,240,41,75,0.547,12,31,0.387,20,26,0.769,6,24,30,28,11,6,15,20,114,-2,1
22023,1610612737,ATL,Atlanta Hawks,22300104,2023-10-30,ATL vs. MIN,W,240,48,86,0.558,14,30,0.467,17,18,0.944,4,32,36,28,6,7,11,12,127,14,1
22023,1610612738,BOS,Boston Celtics,22301173,2024-04-12,BOS vs. CHA,W,240,54,104,0.519,14,41,0.341,9,13,0.692,16,37,53,34,12,1,6,20,131,33,1
22023,1610612738,BOS,Boston Celtics,22301023,2024-03-23,BOS @ CHI,W,240,44,86,0.512,21,48,0.438,15,17,0.882,12,29,41,28,5,3,12,9,124,11,1
22023,1610612738,BOS,Boston Celtics,22300984,2024-03-18,BOS vs. DET,W,240,43,95,0.453,22,49,0.449,11,13,0.846,15,38,53,30,8,8,11,9,119,25,1
22023,1610612738,BOS,Boston Celtics,22300943,2024-03-12,BOS @ UTA,W,240,43,92,0.467,20,49,0.408,17,19,0.895,14,32,46,25,5,8,9,14,123,16,1
22023,1610612738,BOS,Boston Celtics,22300780,2024-02-14,BOS vs. BKN,W,240,52,91,0.571,22,45,0.489,10,12,0.833,10,41,51,32,6,5,10,13,136,50,1
22023,1610612738,BOS,Boston Celtics,22300670,2024-01-30,BOS vs. IND,W,240,47,87,0.54,17,36,0.472,18,22,0.818,7,33,40,25,6,9,12,16,129,5,1
22023,1610612738,BOS,Boston Celtics,22300611,2024-01-22,BOS @ DAL,W,240,41,88,0.466,15,46,0.326,22,30,0.733,5,39,44,26,7,8,6,20,119,9,1
22023,1610612738,BOS,Boston Celtics,22300528,2024-01-11,BOS @ MIL,L,240,34,91,0.374,9,35,0.257,25,30,0.833,6,25,31,22,5,5,6,13,102,-33,1
22023,1610612738,BOS,Boston Celtics,22300493,2024-01-06,BOS @ IND,W,240,46,90,0.511,16,41,0.39,10,19,0.526,13,43,56,26,6,6,18,20,118,17,1
22023,1610612738,BOS,Boston Celtics,22300432,2023-12-29,BOS vs. TOR,W,240,43,88,0.489,17,39,0.436,17,20,0.85,13,39,52,29,3,6,16,17,120,2,1
22023,1610612738,BOS,Boston Celtics,22300373,2023-12-20,BOS @ SAC,W,240,51,92,0.554,22,42,0.524,20,24,0.833,14,36,50,35,6,10,9,17,144,25,1
22023,1610612738,BOS,Boston Celtics,22300329,2023-12-15,BOS vs. ORL,W,240,48,92,0.522,18,42,0.429,14,20,0.7,9,25,34,31,14,7,11,22,128,17,1
22023,1610612738,BOS,Boston Celtics,22300217,2023-11-20,BOS @ CHA,L,265,42,97,0.433,16,50,0.32,18,28,0.643,11,37,48,19,6,8,15,15,118,-3,1
22023,1610612738,BOS,Boston Celtics,22300174,2023-11-11,BOS vs. TOR,W,240,47,86,0.547,15,44,0.341,8,13,0.615,5,41,46,30,1,4,13,14,117,23,1
22023,1610612751,BKN,Brooklyn Nets,22301141,2024-04-07,BKN vs. SAC,L,240,30,86,0.349,7,30,0.233,10,13,0.769,7,39,46,17,5,5,17,14,77,-30,1
22023,1610612751,BKN,Brooklyn Nets,22301089,2024-04-01,BKN @ IND,L,240,41,87,0.471,10,26,0.385,19,28,0.679,12,31,43,20,3,4,15,19,111,-22,1
22023,1610612751,BKN,Brooklyn Nets,22300981,2024-03-17,BKN @ SAS,L,265,47,102,0.461,8,31,0.258,13,19,0.684,11,37,48,29,13,5,12,20,115,-7,1
22023,1610612751,BKN,Brooklyn Nets,22300930,2024-03-10,BKN @ CLE,W,240,42,79,0.532,18,35,0.514,18,20,0.9,8,32,40,33,7,3,15,17,120,19,1
22023,1610612751,BKN,Brooklyn Nets,22300887,2024-03-05,BKN vs. PHI,W,240,41,84,0.488,12,30,0.4,18,24,0.75,10,34,44,25,4,7,14,16,112,5,1
22023,1610612751,BKN,Brooklyn Nets,22300833,2024-02-27,BKN @ ORL,L,240,31,79,0.392,8,31,0.258,11,14,0.786,9,26,35,18,10,1,22,22,81,-27,1
22023,1610612751,BKN,Brooklyn Nets,22300780,2024-02-14,BKN @ BOS,L,240,31,81,0.383,10,31,0.323,14,15,0.933,6,25,31,27,5,1,12,12,86,-50,1
22023,1610612751,BKN,Brooklyn Nets,22300720,2024-02-06,BKN vs. DAL,L,240,41,91,0.451,12,33,0.364,13,15,0.867,8,35,43,33,6,5,10,13,107,-12,1
22023,1610612751,BKN,Brooklyn Nets,22300469,2024-01-03,BKN @ HOU,L,240,36,93,0.387,13,44,0.295,16,26,0.615,15,35,50,25,11,6,10,19,101,-11,1
22023,1610612751,BKN,Brooklyn Nets,22300417,2023-12-27,BKN vs. MIL,L,240,45,101,0.446,7,32,0.219,25,29,0.862,17,30,47,29,7,2,9,17,122,-22,1
22023,1610612751,BKN,Brooklyn Nets,22300394,2023-12-23,BKN vs. DET,W,240,45,86,0.523,10,24,0.417,26,32,0.813,7,31,38,32,10,3,12,22,126,11,1
22023,1610612751,BKN,Brooklyn Nets,22300322,2023-12-14,BKN @ DEN,L,240,39,95,0.411,8,30,0.267,15,20,0.75,18,35,53,28,5,4,16,23,101,-23,1
22023,1610612751,BKN,Brooklyn Nets,22300250,2023-11-26,BKN vs. CHI,W,240,41,83,0.494,25,53,0.472,11,15,0.733,8,31,39,29,7,2,11,19,118,9,1
22023,1610612751,BKN,Brooklyn Nets,22300136,2023-11-04,BKN vs. BOS,L,240,43,100,0.43,17,52,0.327,11,17,0.647,10,32,42,22,4,5,6,21,114,-10,1
22023,1610612766,CHA,Charlotte Hornets,22301159,2024-04-10,CHA @ ATL,W,240,40,79,0.506,14,36,0.389,21,22,0.955,5,28,33,25,11,2,14,18,115,1,1
22023,1610612766,CHA,Charlotte Hornets,22301087,2024-04-01,CHA vs. BOS,L,240,41,91,0.451,13,37,0.351,9,11,0.818,8,32,40,28,3,2,7,15,104,-14,1
22023,1610612766,CHA,Charlotte Hornets,22300969,2024-03-16,CHA @ PHI,L,240,37,82,0.451,10,31,0.323,14,18,0.778,12,28,40,21,11,4,16,21,98,-11,1
22023,1610612766,CHA,Charlotte Hornets,22300918,2024-03-09,CHA vs. BKN,W,240,44,81,0.543,11,30,0.367,11,15,0.733,9,36,45,26,9,3,17,18,110,11,1
22023,1610612766,CHA,Charlotte Hornets,22300858,2024-03-01,CHA @ PHI,L,240,43,84,0.512,14,33,0.424,14,17,0.824,7,25,32,24,5,6,5,13,114,-7,1
22023,1610612766,CHA,Charlotte Hornets,22300811,2024-02-23,CHA @ GSW,L,240,32,88,0.364,11,39,0.282,9,11,0.818,13,30,43,21,13,6,19,15,84,-13,1
22023,1610612766,CHA,Charlotte Hornets,22300751,2024-02-10,CHA vs. MEM,W,240,47,82,0.573,16,31,0.516,5,7,0.714,5,38,43,30,8,4,19,9,115,9,1
22023,1610612766,CHA,Charlotte Hornets,22300713,2024-02-05,CHA vs. LAL,L,240,47,96,0.49,13,32,0.406,11,14,0.786,5,29,34,26,9,1,9,16,118,-6,1
22023,1610612766,CHA,Charlotte Hornets,22300647,2024-01-27,CHA vs. UTA,L,240,47,92,0.511,13,32,0.406,15,21,0.714,9,26,35,35,7,6,10,22,122,-12,1
22023,1610612766,CHA,Charlotte Hornets,22300593,2024-01-20,CHA vs. PHI,L,240,35,85,0.412,9,37,0.243,10,14,0.714,7,40,47,23,2,7,17,20,89,-8,1
22023,1610612766,CHA,Charlotte Hornets,22300464,2024-01-02,CHA @ SAC,W,240,42,82,0.512,12,34,0.353,15,19,0.789,4,31,35,23,8,10,15,15,111,7,1
22023,1610612766,CHA,Charlotte Hornets,22300436,2023-12-29,CHA @ PHX,L,240,44,92,0.478,23,46,0.5,8,8,1.0,8,18,26,32,5,3,6,17,119,-14,1
22023,1610612766,CHA,Charlotte Hornets,22300335,2023-12-16,CHA vs. PHI,L,240,33,91,0.363,7,35,0.2,9,11,0.818,8,28,36,15,3,4,13,14,82,-53,1
22023,1610612766,CHA,Charlotte Hornets,22300202,2023-11-18,CHA vs. NYK,L,240,40,82,0.488,17,35,0.486,11,13,0.846,4,32,36,29,5,5,13,22,108,-14,1
22023,1610612766,CHA,Charlotte Hornets,22300143,2023-11-05,CHA @ DAL,L,240,49,99,0.495,8,30,0.267,12,21,0.571,10,33,43,30,5,2,9,25,118,-6,1
22023,1610612741,CHI,Chicago Bulls,22301172,2024-04-12,CHI @ WAS,W,240,48,98,0.49,14,35,0.4,19,28,0.679,17,39,56,28,9,6,13,25,129,2,1
22023,1610612741,CHI,Chicago Bulls,22301091,2024-04-01,CHI vs. ATL,L,240,37,94,0.394,7,28,0.25,20,24,0.833,16,35,51,17,8,2,8,17,101,-12,1
22023,1610612741,CHI,Chicago Bulls,22300956,2024-03-14,CHI vs. LAC,L,240,41,86,0.477,16,35,0.457,13,16,0.813,11,25,36,28,4,2,13,14,111,-15,1
22023,1610612741,CHI,Chicago Bulls,22300907,2024-03-07,CHI @ GSW,W,240,46,87,0.529,16,36,0.444,17,23,0.739,7,33,40,29,6,5,14,22,125,3,1
22023,1610612741,CHI,Chicago Bulls,22300846,2024-02-28,CHI vs. CLE,W,290,44,110,0.4,13,37,0.351,31,38,0.816,25,49,74,29,6,8,19,18,132,9,1
22023,1610612741,CHI,Chicago Bulls,22300674,2024-01-31,CHI @ CHA,W,240,45,87,0.517,11,29,0.379,16,22,0.727,11,33,44,28,4,7,10,13,117,7,1
22023,1610612741,CHI,Chicago Bulls,22300548,2024-01-13,CHI @ SAS,W,240,46,90,0.511,15,34,0.441,15,20,0.75,7,40,47,31,5,8,9,18,122,6,1
22023,1610612741,CHI,Chicago Bulls,22300468,2024-01-03,CHI @ NYK,L,240,37,89,0.416,13,32,0.406,13,16,0.813,11,28,39,24,9,7,11,17,100,-16,1
22023,1610612741,CHI,Chicago Bulls,22300376,2023-12-21,CHI vs. SAS,W,240,49,90,0.544,7,28,0.25,9,11,0.818,5,31,36,24,11,5,12,18,114,19,1
22023,1610612741,CHI,Chicago Bulls,22300307,2023-12-12,CHI vs. DEN,L,240,36,86,0.419,13,40,0.325,21,23,0.913,11,30,41,26,6,9,14,22,106,-8,1
22023,1610612741,CHI,Chicago Bulls,22300204,2023-11-18,CHI vs. MIA,W,240,36,81,0.444,16,45,0.356,14,19,0.737,10,34,44,24,9,6,13,22,102,5,1
22023,1610612741,CHI,Chicago Bulls,22300190,2023-11-13,CHI @ MIL,L,240,38,100,0.38,14,42,0.333,19,21,0.905,18,29,47,24,9,7,8,25,109,-9,1
22023,1610612741,CHI,Chicago Bulls,22300139,2023-11-04,CHI @ DEN,L,240,39,86,0.453,7,26,0.269,16,23,0.696,9,28,37,28,7,3,11,19,101,-22,1
22023,1610612741,CHI,Chicago Bulls,22300088,2023-10-28,CHI @ DET,L,240,39,93,0.419,11,28,0.393,13,16,0.813,13,20,33,16,10,5,8,20,102,-16,1
22023,1610612739,CLE,Cleveland Cavaliers,22301132,2024-04-07,CLE @ LAC,L,240,42,88,0.477,11,30,0.367,23,27,0.852,7,29,36,27,10,2,11,16,118,-2,1
22023,1610612739,CLE,Cleveland Cavaliers,22301110,2024-04-03,CLE @ PHX,L,240,39,83,0.47,7,26,0.269,16,19,0.842,7,30,37,28,9,4,15,14,101,-21,1
22023,1610612739,CLE,Cleveland Cavaliers,22301033,2024-03-25,CLE vs. CHA,W,240,46,86,0.535,17,41,0.415,6,10,0.6,9,38,47,41,4,3,14,15,115,23,1
22023,1610612739,CLE,Cleveland Cavaliers,22300934,2024-03-11,CLE vs. PHX,L,240,40,84,0.476,15,46,0.326,16,19,0.842,10,27,37,30,9,0,13,18,111,-6,1
22023,1610612739,CLE,Cleveland Cavaliers,22300895,2024-03-06,CLE @ ATL,L,240,39,89,0.438,10,44,0.227,13,17,0.765,10,32,42,27,5,4,15,16,101,-11,1
22023,1610612739,CLE,Cleveland Cavaliers,22300846,2024-02-28,CLE @ CHI,L,290,45,104,0.433,22,54,0.407,11,19,0.579,5,34,39,37,7,11,12,25,123,-9,1
22023,1610612739,CLE,Cleveland Cavaliers,22300805,2024-02-23,CLE @ PHI,L,240,34,80,0.425,8,27,0.296,21,31,0.677,5,38,43,24,5,8,11,15,97,-7,1
22023,1610612739,CLE,Cleveland Cavaliers,22300735,2024-02-08,CLE @ BKN,W,240,43,80,0.538,15,37,0.405,17,17,1.0,7,41,48,26,8,13,17,18,118,23,1
22023,1610612739,CLE,Cleveland Cavaliers,22300687,2024-02-01,CLE @ MEM,W,240,41,86,0.477,14,35,0.4,12,18,0.667,10,38,48,26,6,8,14,16,108,7,1
22023,1610612739,CLE,Cleveland Cavaliers,22300375,2023-12-21,CLE vs. NOP,L,240,41,87,0.471,17,44,0.386,5,8,0.625,6,29,35,34,4,3,12,13,104,-19,1
22023,1610612739,CLE,Cleveland Cavaliers,22300305,2023-12-12,CLE @ BOS,L,240,44,92,0.478,19,45,0.422,6,9,0.667,6,29,35,27,6,4,13,18,113,-7,1
22023,1610612739,CLE,Cleveland Cavaliers,22300251,2023-11-26,CLE vs. TOR,W,240,45,97,0.464,10,31,0.323,5,6,0.833,12,37,49,29,2,5,14,18,105,3,1
22023,1610612739,CLE,Cleveland Cavaliers,22300229,2023-11-22,CLE vs. MIA,L,240,36,77,0.468,14,30,0.467,10,14,0.714,7,27,34,25,5,6,19,17,96,-33,1
22023,1610612739,CLE,Cleveland Cavaliers,22300120,2023-11-01,CLE @ NYK,W,240,32,74,0.432,12,32,0.375,19,20,0.95,6,40,46,22,7,5,18,27,95,6,1
22023,1610612739,CLE,Cleveland Cavaliers,22300091,2023-10-28,CLE vs. IND,L,240,43,99,0.434,12,31,0.387,15,24,0.625,18,33,51,29,2,6,7,16,113,-12,1
22023,1610612742,DAL,Dallas Mavericks,22301161,2024-04-10,DAL @ MIA,W,240,43,87,0.494,15,44,0.341,10,13,0.769,8,31,39,27,8,8,7,13,111,19,1
22023,1610612742,DAL,Dallas Mavericks,22301097,2024-04-05,DAL vs. GSW,W,240,40,84,0.476,12,34,0.353,16,21,0.762,8,33,41,30,9,9,18,17,108,2,1
22023,1610612742,DAL,Dallas Mavericks,22301047,2024-03-26,DAL @ SAC,W,240,51,92,0.554,22,39,0.564,8,13,0.615,5,44,49,34,10,4,9,18,132,36,1
22023,1610612742,DAL,Dallas Mavericks,22300959,2024-03-14,DAL @ OKC,L,240,43,84,0.512,12,29,0.414,21,26,0.808,10,30,40,25,6,2,19,20,119,-7,1
22023,1610612742,DAL,Dallas Mavericks,22300844,2024-02-28,DAL @ TOR,W,240,52,96,0.542,15,43,0.349,17,21,0.81,11,39,50,32,7,10,16,20,136,11,1
22023,1610612742,DAL,Dallas Mavericks,22300720,2024-02-06,DAL @ BKN,W,240,46,91,0.505,19,43,0.442,8,13,0.615,6,39,45,25,7,3,11,12,119,12,1
22023,1610612742,DAL,Dallas Mavericks,22300651,2024-01-27,DAL vs. SAC,L,240,43,98,0.439,16,46,0.348,13,18,0.722,13,30,43,35,7,2,10,24,115,-5,1
22023,1610612742,DAL,Dallas Mavericks,22300423,2023-12-28,DAL @ MIN,L,240,40,90,0.444,14,33,0.424,16,19,0.842,13,26,39,29,9,3,18,27,110,-8,1
22023,1610612742,DAL,Dallas Mavericks,22300398,2023-12-23,DAL vs. SAS,W,240,52,100,0.52,23,45,0.511,17,21,0.81,11,41,52,26,7,6,13,18,144,25,1
22023,1610612742,DAL,Dallas Mavericks,22300306,2023-12-12,DAL vs. LAL,W,240,44,89,0.494,21,43,0.488,18,21,0.857,12,24,36,28,7,5,10,17,127,2,1
22023,1610612742,DAL,Dallas Mavericks,22300287,2023-12-02,DAL vs. OKC,L,240,39,87,0.448,19,52,0.365,23,35,0.657,15,32,47,26,5,12,16,21,120,-6,1
22023,1610612742,DAL,Dallas Mavericks,22300212,2023-11-19,DAL vs. SAC,L,240,41,88,0.466,12,34,0.353,19,26,0.731,11,29,40,23,8,2,10,15,113,-16,1
22023,1610612742,DAL,Dallas Mavericks,22300192,2023-11-15,DAL @ WAS,W,240,48,92,0.522,17,42,0.405,17,29,0.586,9,37,46,32,6,4,10,16,130,13,1
22023,1610612742,DAL,Dallas Mavericks,22300147,2023-11-06,DAL @ ORL,W,240,41,82,0.5,15,40,0.375,20,28,0.714,5,26,31,21,9,6,15,20,117,15,1
22023,1610612743,DEN,Denver Nuggets,22301164,2024-04-10,DEN vs. MIN,W,240,46,83,0.554,11,25,0.44,13,23,0.565,11,33,44,31,7,8,14,21,116,9,1
22023,1610612743,DEN,Denver Nuggets,22300855,2024-02-29,DEN vs. MIA,W,240,36,84,0.429,12,34,0.353,19,21,0.905,9,32,41,22,10,8,15,23,103,6,1
22023,1610612743,DEN,Denver Nuggets,22300812,2024-02-23,DEN @ POR,W,240,50,85,0.588,13,33,0.394,14,22,0.636,11,34,45,38,8,6,13,17,127,15,1
22023,1610612743,DEN,Denver Nuggets,22300746,2024-02-09,DEN @ SAC,L,240,38,82,0.463,10,29,0.345,20,28,0.714,9,26,35,26,9,5,21,16,106,-29,1
22023,1610612743,DEN,Denver Nuggets,22300488,2024-01-05,DEN vs. ORL,L,240,48,95,0.505,9,33,0.273,15,19,0.789,9,29,38,28,8,1,13,23,120,-2,1
22023,1610612743,DEN,Denver Nuggets,22300435,2023-12-29,DEN vs. OKC,L,240,36,85,0.424,10,37,0.27,11,15,0.733,5,31,36,30,6,5,17,17,93,-26,1
22023,1610612743,DEN,Denver Nuggets,22300390,2023-12-23,DEN @ CHA,W,240,39,90,0.433,12,30,0.4,12,14,0.857,12,36,48,25,11,13,17,21,102,7,1
22023,1610612743,DEN,Denver Nuggets,22300307,2023-12-12,DEN @ CHI,W,240,39,83,0.47,14,30,0.467,22,32,0.688,15,31,46,28,4,4,11,20,114,8,1
22023,1610612743,DEN,Denver Nuggets,22300290,2023-12-02,DEN @ SAC,L,240,49,99,0.495,6,25,0.24,13,20,0.65,8,38,46,35,9,7,11,14,117,-6,1
22023,1610612743,DEN,Denver Nuggets,22300257,2023-11-27,DEN @ LAC,W,240,44,92,0.478,10,22,0.455,15,28,0.536,18,34,52,28,8,6,11,22,113,9,1
22023,1610612743,DEN,Denver Nuggets,22300218,2023-11-20,DEN @ DET,W,240,40,87,0.46,11,28,0.393,16,21,0.762,11,32,43,30,7,8,14,17,107,4,1
22023,1610612743,DEN,Denver Nuggets,22300139,2023-11-04,DEN vs. CHI,W,240,42,81,0.519,16,36,0.444,23,30,0.767,10,39,49,31,10,4,12,18,123,22,1
22023,1610612743,DEN,Denver Nuggets,22300110,2023-10-30,DEN vs. UTA,W,240,47,84,0.56,9,28,0.321,7,17,0.412,7,36,43,32,4,8,13,14,110,8,1
22023,1610612765,DET,Detroit Pistons,22301181,2024-04-12,DET @ DAL,W,240,46,95,0.484,8,31,0.258,7,9,0.778,6,34,40,23,11,7,7,10,107,18,1
22023,1610612765,DET,Detroit Pistons,22301128,2024-04-06,DET @ BKN,L,240,42,92,0.457,17,39,0.436,2,4,0.5,5,23,28,25,9,2,10,24,103,-10,1
22023,1610612765,DET,Detroit Pistons,22301035,2024-03-25,DET @ NYK,L,240,34,88,0.386,10,34,0.294,21,22,0.955,7,30,37,22,8,5,12,22,99,-25,1
22023,1610612765,DET,Detroit Pistons,22300984,2024-03-18,DET @ BOS,L,240,36,84,0.429,9,29,0.31,13,15,0.867,8,35,43,21,6,3,13,15,94,-25,1
22023,1610612765,DET,Detroit Pistons,22300839,2024-02-27,DET @ CHI,W,240,37,75,0.493,14,37,0.378,17,23,0.739,8,39,47,22,3,8,20,19,105,10,1
22023,1610612765,DET,Detroit Pistons,22300787,2024-02-14,DET @ PHX,L,240,38,99,0.384,10,37,0.27,14,22,0.636,16,32,48,26,14,5,19,32,100,-16,1
22023,1610612765,DET,Detroit Pistons,22300741,2024-02-08,DET @ POR,W,265,45,93,0.484,16,27,0.593,22,31,0.71,16,29,45,26,3,7,17,23,128,6,1
22023,1610612765,DET,Detroit Pistons,22300654,2024-01-28,DET vs. OKC,W,240,47,95,0.495,11,26,0.423,15,19,0.789,15,38,53,27,6,2,9,11,120,16,1
22023,1610612765,DET,Detroit Pistons,22300519,2024-01-10,DET vs. SAS,L,240,44,96,0.458,10,32,0.313,10,13,0.769,9,34,43,33,4,3,10,19,108,-22,1
22023,1610612765,DET,Detroit Pistons,22300334,2023-12-16,DET @ MIL,L,240,43,96,0.448,6,28,0.214,22,26,0.846,10,26,36,25,10,4,8,23,114,-32,1
22023,1610612765,DET,Detroit Pistons,22300268,2023-11-30,DET @ NYK,L,240,43,81,0.531,15,35,0.429,11,17,0.647,8,34,42,22,4,3,20,25,112,-6,1
22023,1610612765,DET,Detroit Pistons,22300218,2023-11-20,DET vs. DEN,L,240,36,81,0.444,7,21,0.333,24,26,0.923,11,32,43,21,7,5,18,24,103,-4,1
22023,1610612765,DET,Detroit Pistons,22300145,2023-11-06,DET vs. GSW,L,240,38,80,0.475,13,30,0.433,20,21,0.952,7,32,39,23,8,2,16,20,109,-11,1
22023,1610612765,DET,Detroit Pistons,22300129,2023-11-02,DET @ NOP,L,240,41,94,0.436,13,38,0.342,21,26,0.808,19,29,48,30,4,5,16,31,116,-9,1
22023,1610612765,DET,Detroit Pistons,22300088,2023-10-28,DET vs. CHI,W,240,45,86,0.523,12,28,0.429,16,20,0.8,15,38,53,29,4,4,17,18,118,16,1
22023,1610612745,HOU,Houston Rockets,22301183,2024-04-12,HOU @ POR,W,240,44,92,0.478,11,39,0.282,17,20,0.85,10,38,48,25,3,5,9,20,116,9,1
22023,1610612745,HOU,Houston Rockets,22301120,2024-04-05,HOU vs. MIA,L,240,34,90,0.378,14,44,0.318,22,25,0.88,12,33,45,25,7,2,9,13,104,-15,1
22023,1610612745,HOU,Houston Rockets,22300897,2024-03-06,HOU vs. LAC,L,240,45,94,0.479,16,37,0.432,10,17,0.588,13,25,38,33,6,2,8,21,116,-6,1
22023,1610612745,HOU,Houston Rockets,22300806,2024-02-23,HOU vs. PHX,W,240,37,93,0.398,15,45,0.333,25,34,0.735,17,37,54,25,8,5,14,23,114,4,1
22023,1610612745,HOU,Houston Rockets,22300754,2024-02-10,HOU @ ATL,L,240,44,100,0.44,13,43,0.302,12,19,0.632,16,42,58,22,6,6,17,26,113,-9,1
22023,1610612745,HOU,Houston Rockets,22300645,2024-01-27,HOU @ BKN,L,240,37,94,0.394,10,37,0.27,20,23,0.87,15,40,55,20,6,3,17,29,104,-2,1
22023,1610612745,HOU,Houston Rockets,22300603,2024-01-21,HOU vs. BOS,L,240,41,94,0.436,10,35,0.286,15,22,0.682,11,38,49,26,9,3,15,17,107,-9,1
22023,1610612745,HOU,Houston Rockets,22300542,2024-01-13,HOU @ BOS,L,240,40,99,0.404,7,30,0.233,26,30,0.867,15,35,50,20,10,3,13,18,113,-32,1
22023,1610612745,HOU,Houston Rockets,22300496,2024-01-06,HOU vs. MIL,W,240,36,83,0.434,13,34,0.382,27,32,0.844,7,39,46,22,7,2,10,24,112,4,1
22023,1610612745,HOU,Houston Rockets,22300418,2023-12-27,HOU vs. PHX,L,240,40,96,0.417,17,41,0.415,16,22,0.727,9,24,33,20,11,3,10,21,113,-16,1
22023,1610612745,HOU,Houston Rockets,22300392,2023-12-23,HOU @ NOP,W,240,35,82,0.427,9,29,0.31,27,35,0.771,13,31,44,21,9,2,12,20,106,2,1
22023,1610612745,HOU,Houston Rockets,22300349,2023-12-18,HOU @ CLE,L,265,47,102,0.461,12,33,0.364,24,27,0.889,15,32,47,34,9,5,14,32,130,-5,1
22023,1610612745,HOU,Houston Rockets,22300263,2023-11-29,HOU @ DEN,L,240,47,86,0.547,16,41,0.39,14,19,0.737,8,27,35,27,3,5,9,20,124,-10,1
22023,1610612745,HOU,Houston Rockets,22300224,2023-11-20,HOU @ GSW,L,240,44,95,0.463,13,41,0.317,15,19,0.789,15,33,48,28,6,3,8,24,116,-5,1
22023,1610612754,IND,Indiana Pacers,22301043,2024-03-25,IND @ LAC,W,240,50,86,0.581,17,28,0.607,16,22,0.727,7,27,34,28,7,3,8,21,133,17,1
22023,1610612754,IND,Indiana Pacers,22300948,2024-03-13,IND vs. CHI,L,265,46,99,0.465,14,45,0.311,23,28,0.821,9,38,47,30,4,6,9,25,129,-3,1
22023,1610612754,IND,Indiana Pacers,22300829,2024-02-26,IND vs. TOR,L,240,46,100,0.46,13,42,0.31,17,23,0.739,13,30,43,27,8,5,10,19,122,-8,1
22023,1610612754,IND,Indiana Pacers,22300691,2024-02-02,IND vs. SAC,L,240,46,85,0.541,10,29,0.345,20,24,0.833,8,31,39,23,13,3,22,20,122,-11,1
22023,1610612754,IND,Indiana Pacers,22300636,2024-01-26,IND vs. PHX,W,240,58,109,0.532,8,26,0.308,9,15,0.6,21,27,48,34,8,3,13,17,133,2,1
22023,1610612754,IND,Indiana Pacers,22300590,2024-01-19,IND @ POR,L,240,39,91,0.429,20,47,0.426,17,25,0.68,6,31,37,34,3,6,14,26,115,-3,1
22023,1610612754,IND,Indiana Pacers,22300564,2024-01-15,IND @ UTA,L,240,38,95,0.4,9,31,0.29,20,25,0.8,18,25,43,27,9,4,14,31,105,-27,1
22023,1610612754,IND,Indiana Pacers,22300493,2024-01-06,IND vs. BOS,L,240,38,92,0.413,8,42,0.19,17,22,0.773,10,28,38,23,12,2,9,18,101,-17,1
22023,1610612754,IND,Indiana Pacers,22300377,2023-12-21,IND @ MEM,L,240,38,90,0.422,18,52,0.346,9,11,0.818,12,27,39,28,12,9,17,21,103,-13,1
22023,1610612754,IND,Indiana Pacers,22300338,2023-12-16,IND @ MIN,L,240,45,90,0.5,6,21,0.286,13,16,0.813,13,27,40,25,10,6,15,15,109,-18,1
22023,1610612754,IND,Indiana Pacers,22300230,2023-11-22,IND vs. TOR,L,240,50,91,0.549,18,39,0.462,13,16,0.813,5,26,31,33,10,6,15,24,131,-1,1
22023,1610612754,IND,Indiana Pacers,22300171,2023-11-09,IND vs. MIL,W,240,44,92,0.478,20,48,0.417,18,20,0.9,9,31,40,27,6,6,13,25,126,2,1
22023,1610612754,IND,Indiana Pacers,22300133,2023-11-04,IND vs. CHA,L,240,45,93,0.484,22,45,0.489,12,16,0.75,11,25,36,31,7,5,15,18,124,-1,1
22023,1610612746,LAC,LA Clippers,22301165,2024-04-10,LAC vs. PHX,L,240,44,95,0.463,12,36,0.333,8,10,0.8,9,35,44,23,9,3,13,13,108,-16,1
22023,1610612746,LAC,LA Clippers,22301126,2024-04-05,LAC vs. UTA,W,240,51,91,0.56,13,35,0.371,16,18,0.889,8,43,51,32,9,4,15,22,131,29,1
22023,1610612746,LAC,LA Clippers,22301043,2024-03-25,LAC vs. IND,L,240,46,85,0.541,6,20,0.3,18,22,0.818,11,25,36,26,4,4,10,19,116,-17,1
22023,1610612746,LAC,LA Clippers,22300964,2024-03-15,LAC @ NOP,L,240,37,77,0.481,12,33,0.364,18,19,0.947,5,32,37,18,6,8,15,17,104,-8,1
22023,1610612746,LAC,LA Clippers,22300924,2024-03-10,LAC vs. MIL,L,240,47,104,0.452,14,47,0.298,9,10,0.9,17,35,52,30,3,9,10,23,117,-7,1
22023,1610612746,LAC,LA Clippers,22300880,2024-03-04,LAC @ MIL,L,240,37,84,0.44,16,40,0.4,16,25,0.64,5,33,38,25,9,3,14,21,106,-7,1
22023,1610612746,LAC,LA Clippers,22300807,2024-02-23,LAC @ MEM,W,240,37,84,0.44,12,32,0.375,15,17,0.882,14,37,51,20,7,2,21,20,101,6,1
22023,1610612746,LAC,LA Clippers,22300716,2024-02-05,LAC @ ATL,W,240,52,89,0.584,21,35,0.6,24,31,0.774,8,28,36,32,8,5,8,19,149,5,1
22023,1610612746,LAC,LA Clippers,22300646,2024-01-27,LAC @ BOS,W,240,45,102,0.441,10,40,0.25,15,18,0.833,15,43,58,28,8,8,8,20,115,19,1
22023,1610612746,LAC,LA Clippers,22300511,2024-01-08,LAC vs. PHX,W,240,53,85,0.624,15,29,0.517,17,23,0.739,11,33,44,32,11,3,14,21,138,27,1
22023,1610612746,LAC,LA Clippers,22300379,2023-12-21,LAC @ OKC,L,240,44,93,0.473,17,43,0.395,10,12,0.833,12,28,40,23,9,5,16,18,115,-19,1
22023,1610612746,LAC,LA Clippers,22300309,2023-12-12,LAC vs. SAC,W,240,44,84,0.524,11,29,0.379,20,21,0.952,6,43,49,21,7,2,17,17,119,20,1
22023,1610612746,LAC,LA Clippers,22300273,2023-11-30,LAC @ GSW,L,240,42,95,0.442,12,32,0.375,18,24,0.75,15,28,43,26,5,1,6,21,114,-6,1
22023,1610612746,LAC,LA Clippers,22300244,2023-11-25,LAC vs. DAL,W,240,38,88,0.432,8,29,0.276,23,31,0.742,17,40,57,25,2,6,13,16,107,19,1
22023,1610612746,LAC,LA Clippers,22300127,2023-11-01,LAC @ LAL,L,265,47,99,0.475,14,34,0.412,17,27,0.63,12,34,46,22,12,1,13,31,125,-5,1
22023,1610612747,LAL,Los Angeles Lakers,22301143,2024-04-07,LAL vs. MIN,L,240,39,84,0.464,11,31,0.355,28,32,0.875,10,31,41,27,10,2,15,14,117,-10,1
22023,1610612747,LAL,Los Angeles Lakers,22301103,2024-04-03,LAL @ WAS,W,240,46,91,0.505,8,28,0.286,25,29,0.862,11,38,49,21,10,4,17,10,125,5,1
22023,1610612747,LAL,Los Angeles Lakers,22301055,2024-03-27,LAL @ MEM,W,240,45,81,0.556,18,33,0.545,28,35,0.8,4,39,43,31,5,4,16,19,136,12,1
22023,1610612747,LAL,Los Angeles Lakers,22300856,2024-02-29,LAL vs. WAS,W,265,53,101,0.525,8,23,0.348,20,24,0.833,7,38,45,30,6,6,11,16,134,3,1
22023,1610612747,LAL,Los Angeles Lakers,22300813,2024-02-23,LAL vs. SAS,W,240,49,95,0.516,11,27,0.407,14,18,0.778,10,36,46,28,7,4,13,18,123,5,1
22023,1610612747,LAL,Los Angeles Lakers,22300788,2024-02-14,LAL @ UTA,W,240,52,91,0.571,14,31,0.452,20,24,0.833,5,32,37,34,8,4,10,13,138,16,1
22023,1610612747,LAL,Los Angeles Lakers,22300747,2024-02-09,LAL vs. NOP,W,240,49,88,0.557,14,31,0.452,27,32,0.844,5,27,32,32,5,5,8,20,139,17,1
22023,1610612747,LAL,Los Angeles Lakers,22300669,2024-01-30,LAL @ ATL,L,240,48,90,0.533,12,33,0.364,14,25,0.56,7,30,37,28,12,3,14,16,122,-16,1
22023,1610612747,LAL,Los Angeles Lakers,22300446,2023-12-31,LAL @ NOP,L,240,39,82,0.476,10,32,0.313,21,25,0.84,4,31,35,26,8,10,13,15,109,-20,1
22023,1610612747,LAL,Los Angeles Lakers,22300380,2023-12-21,LAL @ MIN,L,240,41,83,0.494,10,24,0.417,19,24,0.792,7,31,38,21,6,6,18,18,111,-7,1
22023,1610612747,LAL,Los Angeles Lakers,22300316,2023-12-13,LAL @ SAS,W,240,49,91,0.538,14,35,0.4,10,17,0.588,5,41,46,31,14,4,16,16,122,3,1
22023,1610612747,LAL,Los Angeles Lakers,22300271,2023-11-30,LAL @ OKC,L,240,36,81,0.444,11,33,0.333,27,32,0.844,7,34,41,24,6,2,14,20,110,-23,1
22023,1610612747,LAL,Los Angeles Lakers,22300238,2023-11-22,LAL vs. DAL,L,240,39,84,0.464,11,29,0.379,12,19,0.632,9,42,51,26,1,2,13,17,101,-3,1
22023,1610612747,LAL,Los Angeles Lakers,22300198,2023-11-15,LAL vs. SAC,L,240,42,83,0.506,11,29,0.379,15,19,0.789,7,36,43,25,12,6,23,17,110,-15,1
22023,1610612747,LAL,Los Angeles Lakers,22300111,2023-10-30,LAL vs. ORL,W,240,42,79,0.532,8,27,0.296,14,18,0.778,3,37,40,28,7,10,16,17,106,3,1
22023,1610612763,MEM,Memphis Grizzlies,22301158,2024-04-10,MEM @ CLE,L,240,33,84,0.393,14,32,0.438,18,19,0.947,10,34,44,21,10,10,16,21,98,-12,1
22023,1610612763,MEM,Memphis Grizzlies,22301129,2024-04-06,MEM vs. PHI,L,240,36,87,0.414,9,26,0.346,15,21,0.714,15,29,44,21,9,2,19,18,96,-20,1
22023,1610612763,MEM,Memphis Grizzlies,22300950,2024-03-13,MEM vs. CHA,L,240,36,85,0.424,16,40,0.4,10,11,0.909,16,30,46,24,12,5,24,19,98,-12,1
22023,1610612763,MEM,Memphis Grizzlies,22300868,2024-03-02,MEM vs. POR,L,265,30,83,0.361,15,40,0.375,25,33,0.758,9,36,45,21,15,9,24,17,100,-7,1
22023,1610612763,MEM,Memphis Grizzlies,22300790,2024-02-15,MEM vs. MIL,W,240,44,83,0.53,13,26,0.5,12,19,0.632,7,33,40,30,9,3,16,16,113,3,1
22023,1610612763,MEM,Memphis Grizzlies,22300693,2024-02-02,MEM vs. GSW,L,240,35,87,0.402,14,46,0.304,17,24,0.708,9,28,37,30,7,4,14,20,101,-20,1
22023,1610612763,MEM,Memphis Grizzlies,22300663,2024-01-29,MEM vs. SAC,L,240,30,80,0.375,13,36,0.361,21,28,0.75,9,28,37,22,11,1,14,16,94,-9,1
22023,1610612763,MEM,Memphis Grizzlies,22300544,2024-01-13,MEM vs. NYK,L,240,36,87,0.414,9,38,0.237,13,15,0.867,9,26,35,27,14,6,12,16,94,-12,1
22023,1610612763,MEM,Memphis Grizzlies,22300470,2024-01-03,MEM vs. TOR,L,240,40,94,0.426,15,42,0.357,16,19,0.842,9,34,43,25,7,5,10,19,111,-5,1
22023,1610612763,MEM,Memphis Grizzlies,22300438,2023-12-29,MEM @ LAC,L,240,38,87,0.437,13,40,0.325,17,20,0.85,3,30,33,29,10,4,12,22,106,-11,1
22023,1610612763,MEM,Memphis Grizzlies,22300360,2023-12-19,MEM @ NOP,W,240,41,82,0.5,10,31,0.323,23,29,0.793,13,29,42,19,5,7,18,19,115,2,1
22023,1610612763,MEM,Memphis Grizzlies,22300288,2023-12-02,MEM @ PHX,L,240,39,86,0.453,9,31,0.29,22,24,0.917,8,32,40,14,9,8,17,31,109,-7,1
22023,1610612763,MEM,Memphis Grizzlies,22300213,2023-11-19,MEM vs. BOS,L,240,37,95,0.389,17,44,0.386,9,10,0.9,14,28,42,28,7,5,11,21,100,-2,1
22023,1610612763,MEM,Memphis Grizzlies,22300089,2023-10-28,MEM @ WAS,L,240,39,91,0.429,19,47,0.404,9,9,1.0,6,39,45,27,7,8,18,21,106,-7,1
22023,1610612748,MIA,Miami Heat,22301161,2024-04-10,MIA vs. DAL,L,240,33,81,0.407,13,30,0.433,13,13,1.0,12,34,46,22,3,1,18,16,92,-19,1
22023,1610612748,MIA,Miami Heat,22301120,2024-04-05,MIA @ HOU,W,240,44,89,0.494,13,36,0.361,18,21,0.857,8,40,48,27,8,4,9,18,119,15,1
22023,1610612748,MIA,Miami Heat,22300985,2024-03-18,MIA @ PHI,L,240,35,89,0.393,12,33,0.364,9,14,0.643,11,38,49,23,8,3,15,13,91,-7,1
22023,1610612748,MIA,Miami Heat,22300914,2024-03-08,MIA @ OKC,L,240,38,82,0.463,11,29,0.379,13,18,0.722,7,36,43,24,6,5,11,16,100,-7,1
22023,1610612748,MIA,Miami Heat,22300842,2024-02-27,MIA @ POR,W,240,37,70,0.529,14,26,0.538,18,26,0.692,6,28,34,29,8,8,20,19,106,10,1
22023,1610612748,MIA,Miami Heat,22300779,2024-02-14,MIA @ PHI,W,240,42,88,0.477,11,35,0.314,14,15,0.933,10,33,43,27,10,1,13,17,109,5,1
22023,1610612748,MIA,Miami Heat,22300730,2024-02-07,MIA vs. SAS,W,240,43,87,0.494,12,38,0.316,18,23,0.783,5,40,45,29,8,2,11,20,116,12,1
22023,1610612748,MIA,Miami Heat,22300630,2024-01-25,MIA vs. BOS,L,240,42,94,0.447,16,42,0.381,10,13,0.769,11,20,31,25,7,1,5,12,110,-33,1
22023,1610612748,MIA,Miami Heat,22300562,2024-01-15,MIA @ BKN,W,265,33,87,0.379,8,31,0.258,22,25,0.88,6,48,54,22,6,4,13,16,96,1,1
22023,1610612748,MIA,Miami Heat,22300320,2023-12-14,MIA vs. CHI,L,240,37,80,0.463,15,34,0.441,27,35,0.771,8,34,42,26,2,1,11,20,116,-8,1
22023,1610612748,MIA,Miami Heat,22300240,2023-11-25,MIA @ BKN,L,240,38,87,0.437,11,34,0.324,10,13,0.769,13,31,44,24,6,3,18,18,97,-15,1
22023,1610612748,MIA,Miami Heat,22300184,2023-11-12,MIA @ SAS,W,240,39,89,0.438,12,31,0.387,28,30,0.933,11,30,41,26,7,3,7,12,118,5,1
22023,1610612748,MIA,Miami Heat,22300093,2023-10-28,MIA @ MIN,L,240,35,87,0.402,12,38,0.316,8,14,0.571,9,33,42,24,6,1,15,12,90,-16,1
22023,1610612749,MIL,Milwaukee Bucks,22301162,2024-04-10,MIL vs. ORL,W,240,43,84,0.512,15,40,0.375,16,20,0.8,10,33,43,27,9,4,15,20,117,18,1
22023,1610612749,MIL,Milwaukee Bucks,22301107,2024-04-03,MIL vs. MEM,L,240,38,95,0.4,18,44,0.409,7,12,0.583,13,31,44,26,5,10,11,14,101,-10,1
22023,1610612749,MIL,Milwaukee Bucks,22301007,2024-03-21,MIL vs. BKN,W,240,43,91,0.473,16,41,0.39,13,15,0.867,11,29,40,27,5,4,10,17,115,7,1
22023,1610612749,MIL,Milwaukee Bucks,22300864,2024-03-01,MIL @ CHI,W,240,37,86,0.43,15,46,0.326,24,32,0.75,11,38,49,22,7,4,7,18,113,16,1
22023,1610612749,MIL,Milwaukee Bucks,22300773,2024-02-13,MIL vs. MIA,L,240,37,83,0.446,13,39,0.333,10,11,0.909,5,33,38,24,8,4,18,12,97,-26,1
22023,1610612749,MIL,Milwaukee Bucks,22300745,2024-02-09,MIL vs. CHA,W,240,41,94,0.436,18,52,0.346,20,24,0.833,10,43,53,26,8,5,7,24,120,36,1
22023,1610612749,MIL,Milwaukee Bucks,22300711,2024-02-04,MIL @ UTA,L,240,39,84,0.464,15,41,0.366,15,25,0.6,7,25,32,27,8,3,12,21,108,-15,1
22023,1610612749,MIL,Milwaukee Bucks,22300648,2024-01-27,MIL vs. NOP,W,240,51,91,0.56,20,45,0.444,19,25,0.76,6,39,45,30,12,0,9,25,141,24,1
22023,1610612749,MIL,Milwaukee Bucks,22300552,2024-01-14,MIL vs. SAC,W,265,48,92,0.522,20,43,0.465,27,32,0.844,4,36,40,31,5,3,14,22,143,1,1
22023,1610612749,MIL,Milwaukee Bucks,22300477,2024-01-04,MIL @ SAS,W,240,49,92,0.533,12,34,0.353,15,19,0.789,8,34,42,27,5,5,14,16,125,4,1
22023,1610612749,MIL,Milwaukee Bucks,22300346,2023-12-17,MIL vs. HOU,W,240,45,90,0.5,13,36,0.361,25,32,0.781,16,30,46,25,4,1,17,23,128,9,1
22023,1610612749,MIL,Milwaukee Bucks,22300205,2023-11-18,MIL vs. DAL,W,240,49,94,0.521,17,45,0.378,17,20,0.85,5,36,41,29,8,3,7,16,132,7,1
22023,1610612749,MIL,Milwaukee Bucks,22300171,2023-11-09,MIL @ IND,L,240,46,87,0.529,9,27,0.333,23,26,0.885,5,36,41,23,6,5,14,19,124,-2,1
22023,1610612749,MIL,Milwaukee Bucks,22300107,2023-10-30,MIL vs. MIA,W,240,44,87,0.506,12,37,0.324,22,30,0.733,9,34,43,24,8,5,15,23,122,8,1
22023,1610612750,MIN,Minnesota Timberwolves,22301164,2024-04-10,MIN @ DEN,L,240,41,82,0.5,13,30,0.433,12,21,0.571,9,26,35,23,9,5,10,21,107,-9,1
22023,1610612750,MIN,Minnesota Timberwolves,22301108,2024-04-03,MIN vs. TOR,W,240,49,96,0.51,20,43,0.465,15,22,0.682,9,41,50,37,13,9,9,12,133,48,1
22023,1610612750,MIN,Minnesota Timberwolves,22300995,2024-03-19,MIN vs. DEN,L,240,42,88,0.477,12,35,0.343,16,23,0.696,8,29,37,25,10,7,7,16,112,-3,1
22023,1610612750,MIN,Minnesota Timberwolves,22300911,2024-03-08,MIN @ CLE,L,265,39,94,0.415,8,30,0.267,18,22,0.818,7,38,45,25,5,5,14,25,104,-9,1
22023,1610612750,MIN,Minnesota Timberwolves,22300881,2024-03-04,MIN vs. POR,W,240,40,79,0.506,11,28,0.393,28,37,0.757,12,28,40,28,9,7,11,17,119,5,1
22023,1610612750,MIN,Minnesota Timberwolves,22300845,2024-02-28,MIN vs. MEM,W,240,39,79,0.494,14,35,0.4,18,22,0.818,5,34,39,29,4,13,14,19,110,9,1
22023,1610612750,MIN,Minnesota Timberwolves,22300815,2024-02-24,MIN vs. BKN,W,240,36,84,0.429,12,38,0.316,17,23,0.739,6,45,51,22,6,9,13,14,101,15,1
22023,1610612750,MIN,Minnesota Timberwolves,22300775,2024-02-13,MIN @ POR,W,240,39,84,0.464,13,33,0.394,30,34,0.882,12,29,41,24,8,9,12,18,121,12,1
22023,1610612750,MIN,Minnesota Timberwolves,22300629,2024-01-25,MIN @ BKN,W,240,37,75,0.493,10,21,0.476,12,16,0.75,5,33,38,24,6,4,17,17,96,2,1
22023,1610612750,MIN,Minnesota Timberwolves,22300582,2024-01-18,MIN vs. MEM,W,240,45,82,0.549,12,28,0.429,16,21,0.762,6,33,39,30,8,9,15,13,118,15,1
22023,1610612750,MIN,Minnesota Timberwolves,22300517,2024-01-10,MIN @ BOS,L,265,44,95,0.463,14,34,0.412,18,20,0.9,8,39,47,22,4,6,9,27,120,-7,1
22023,1610612750,MIN,Minnesota Timberwolves,22300380,2023-12-21,MIN vs. LAL,W,240,42,87,0.483,14,36,0.389,20,25,0.8,9,31,40,32,13,7,14,19,118,7,1
22023,1610612750,MIN,Minnesota Timberwolves,22300197,2023-11-15,MIN @ PHX,L,240,42,92,0.457,5,27,0.185,26,28,0.929,16,24,40,18,8,5,6,14,115,-18,1
22023,1610612740,NOP,New Orleans Pelicans,22301182,2024-04-12,NOP @ GSW,W,240,42,90,0.467,20,38,0.526,10,16,0.625,5,33,38,24,11,5,9,13,114,5,1
22023,1610612740,NOP,New Orleans Pelicans,22301013,2024-03-22,NOP @ MIA,W,240,42,82,0.512,18,36,0.5,9,12,0.75,12,44,56,25,3,2,13,13,111,23,1
22023,1610612740,NOP,New Orleans Pelicans,22300970,2024-03-16,NOP vs. POR,W,240,52,97,0.536,13,33,0.394,9,10,0.9,10,29,39,36,8,5,10,13,126,19,1
22023,1610612740,NOP,New Orleans Pelicans,22300843,2024-02-28,NOP @ IND,L,240,42,90,0.467,11,29,0.379,19,23,0.826,7,33,40,26,2,4,10,12,114,-9,1
22023,1610612740,NOP,New Orleans Pelicans,22300810,2024-02-23,NOP vs. MIA,L,240,39,104,0.375,7,32,0.219,10,13,0.769,18,36,54,20,6,7,11,19,95,-11,1
22023,1610612740,NOP,New Orleans Pelicans,22300758,2024-02-10,NOP @ POR,W,240,36,76,0.474,10,27,0.37,11,16,0.688,8,28,36,27,9,6,12,14,93,9,1
22023,1610612740,NOP,New Orleans Pelicans,22300648,2024-01-27,NOP @ MIL,L,240,40,85,0.471,9,23,0.391,28,36,0.778,9,34,43,20,5,3,15,17,117,-24,1
22023,1610612740,NOP,New Orleans Pelicans,22300547,2024-01-13,NOP @ DAL,W,240,39,79,0.494,12,30,0.4,28,37,0.757,14,30,44,29,7,4,11,20,118,10,1
22023,1610612740,NOP,New Orleans Pelicans,22300471,2024-01-03,NOP @ MIN,W,240,45,81,0.556,12,26,0.462,15,17,0.882,9,32,41,30,7,5,14,24,117,11,1
22023,1610612740,NOP,New Orleans Pelicans,22300285,2023-12-02,NOP @ CHI,L,240,41,82,0.5,8,25,0.32,28,35,0.8,13,26,39,20,10,1,12,17,118,-6,1
22023,1610612740,NOP,New Orleans Pelicans,22300243,2023-11-25,NOP @ UTA,L,240,39,93,0.419,11,36,0.306,11,18,0.611,13,29,42,31,15,4,13,17,100,-5,1
22023,1610612740,NOP,New Orleans Pelicans,22300203,2023-11-18,NOP vs. MIN,L,240,44,86,0.512,12,29,0.414,20,23,0.87,13,27,40,27,9,5,17,26,120,-1,1
22023,1610612740,NOP,New Orleans Pelicans,22300129,2023-11-02,NOP vs. DET,W,240,39,80,0.488,14,32,0.438,33,35,0.943,7,29,36,27,5,7,12,18,125,9,1
22023,1610612752,NYK,New York Knicks,22301175,2024-04-12,NYK vs. BKN,W,240,38,83,0.458,14,30,0.467,21,25,0.84,8,23,31,21,10,3,5,15,111,4,1
22023,1610612752,NYK,New York Knicks,22301119,2024-04-05,NYK @ CHI,L,240,36,83,0.434,10,29,0.345,18,24,0.75,9,29,38,22,9,2,18,15,100,-8,1
22023,1610612752,NYK,New York Knicks,22300837,2024-02-27,NYK vs. NOP,L,240,31,83,0.373,14,46,0.304,16,23,0.696,13,25,38,27,6,5,13,20,92,-23,1
22023,1610612752,NYK,New York Knicks,22300671,2024-01-30,NYK vs. UTA,W,240,44,94,0.468,13,34,0.382,17,18,0.944,14,31,45,29,9,7,6,16,118,15,1
22023,1610612752,NYK,New York Knicks,22300579,2024-01-18,NYK vs. WAS,W,240,39,86,0.453,13,38,0.342,22,26,0.846,7,40,47,22,6,5,17,18,113,4,1
22023,1610612752,NYK,New York Knicks,22300494,2024-01-06,NYK @ WAS,W,240,43,87,0.494,14,36,0.389,21,24,0.875,11,34,45,27,9,2,14,16,121,16,1
22023,1610612752,NYK,New York Knicks,22300441,2023-12-30,NYK @ IND,L,240,45,95,0.474,17,37,0.459,19,27,0.704,15,27,42,24,12,2,14,19,126,-14,1
22023,1610612752,NYK,New York Knicks,22300343,2023-12-16,NYK @ LAC,L,240,44,94,0.468,11,35,0.314,23,26,0.885,12,27,39,20,7,4,10,22,122,-22,1
22023,1610612752,NYK,New York Knicks,22300276,2023-12-01,NYK @ TOR,W,240,45,90,0.5,16,36,0.444,13,16,0.813,11,32,43,30,6,3,13,15,119,13,1
22023,1610612752,NYK,New York Knicks,22300202,2023-11-18,NYK @ CHA,W,240,46,91,0.505,16,37,0.432,14,19,0.737,13,34,47,27,7,4,12,13,122,14,1
22023,1610612752,NYK,New York Knicks,22300188,2023-11-13,NYK @ BOS,L,240,33,79,0.418,15,35,0.429,17,24,0.708,12,25,37,17,5,2,12,16,98,-16,1
22023,1610612752,NYK,New York Knicks,22300120,2023-11-01,NYK vs. CLE,L,240,32,92,0.348,5,30,0.167,20,30,0.667,16,34,50,18,10,3,14,16,89,-6,1
22023,1610612752,NYK,New York Knicks,22300090,2023-10-28,NYK @ NOP,L,240,33,90,0.367,7,37,0.189,14,18,0.778,16,43,59,19,7,3,19,17,87,-9,1
22023,1610612760,OKC,Oklahoma City Thunder,22301163,2024-04-10,OKC vs. SAS,W,240,47,101,0.465,16,38,0.421,17,21,0.81,7,55,62,33,12,6,12,16,127,38,1
22023,1610612760,OKC,Oklahoma City Thunder,22301105,2024-04-03,OKC @ BOS,L,240,35,81,0.432,5,24,0.208,25,28,0.893,5,26,31,21,8,5,14,11,100,-35,1
22023,1610612760,OKC,Oklahoma City Thunder,22301057,2024-03-27,OKC vs. HOU,L,265,47,96,0.49,14,38,0.368,18,24,0.75,13,36,49,26,7,7,19,24,126,-6,1
22023,1610612760,OKC,Oklahoma City Thunder,22300884,2024-03-04,OKC @ LAL,L,240,37,94,0.394,15,39,0.385,15,16,0.938,13,25,38,22,12,7,10,20,104,-12,1
22023,1610612760,OKC,Oklahoma City Thunder,22300809,2024-02-23,OKC vs. WAS,W,240,55,92,0.598,20,40,0.5,17,21,0.81,8,48,56,30,5,9,15,22,147,41,1
22023,1610612760,OKC,Oklahoma City Thunder,22300760,2024-02-11,OKC vs. SAC,W,240,46,85,0.541,13,27,0.481,22,27,0.815,5,31,36,30,8,9,11,17,127,14,1
22023,1610612760,OKC,Oklahoma City Thunder,22300664,2024-01-29,OKC vs. MIN,L,240,35,79,0.443,14,35,0.4,17,22,0.773,8,30,38,21,5,7,12,17,101,-6,1
22023,1610612760,OKC,Oklahoma City Thunder,22300622,2024-01-24,OKC @ SAS,W,240,54,96,0.563,18,40,0.45,14,16,0.875,16,31,47,36,11,8,16,20,140,26,1
22023,1610612760,OKC,Oklahoma City Thunder,22300568,2024-01-16,OKC @ LAC,L,240,42,83,0.506,16,34,0.471,17,20,0.85,9,26,35,30,5,5,12,19,117,-11,1
22023,1610612760,OKC,Oklahoma City Thunder,22300529,2024-01-11,OKC vs. POR,W,240,53,93,0.57,14,35,0.4,19,22,0.864,8,51,59,41,6,8,13,10,139,62,1
22023,1610612760,OKC,Oklahoma City Thunder,22300467,2024-01-03,OKC @ ATL,L,240,50,91,0.549,18,36,0.5,20,26,0.769,9,28,37,30,10,1,13,23,138,-3,1
22023,1610612760,OKC,Oklahoma City Thunder,22300419,2023-12-27,OKC vs. NYK,W,240,49,90,0.544,14,32,0.438,17,22,0.773,3,24,27,20,6,10,4,21,129,9,1
22023,1610612760,OKC,Oklahoma City Thunder,22300215,2023-11-19,OKC @ POR,W,240,49,81,0.605,22,36,0.611,14,14,1.0,10,33,43,28,8,3,18,18,134,43,1
22023,1610612760,OKC,Oklahoma City Thunder,22300109,2023-10-30,OKC vs. DET,W,240,44,83,0.53,13,29,0.448,23,28,0.821,6,38,44,21,9,10,15,19,124,12,1
22023,1610612753,ORL,Orlando Magic,22301162,2024-04-10,ORL @ MIL,L,240,36,78,0.462,11,30,0.367,16,23,0.696,5,29,34,19,6,1,16,15,99,-18,1
22023,1610612753,ORL,Orlando Magic,22301075,2024-03-30,ORL vs. MEM,W,240,38,78,0.487,22,44,0.5,20,23,0.87,5,38,43,28,8,8,17,16,118,30,1
22023,1610612753,ORL,Orlando Magic,22300894,2024-03-06,ORL @ WAS,W,240,44,81,0.543,12,26,0.462,19,21,0.905,9,33,42,21,4,5,15,14,119,10,1
22023,1610612753,ORL,Orlando Magic,22300821,2024-02-25,ORL @ ATL,L,240,35,84,0.417,14,38,0.368,8,18,0.444,14,37,51,23,7,9,20,19,92,-17,1
22023,1610612753,ORL,Orlando Magic,22300778,2024-02-14,ORL vs. NYK,W,240,48,76,0.632,12,26,0.462,10,11,0.909,7,27,34,25,7,7,12,22,118,18,1
22023,1610612753,ORL,Orlando Magic,22300666,2024-01-29,ORL @ DAL,L,240,45,88,0.511,18,38,0.474,21,28,0.75,12,23,35,27,7,1,12,33,129,-2,1
22023,1610612753,ORL,Orlando Magic,22300607,2024-01-22,ORL vs. CLE,L,240,34,74,0.459,11,29,0.379,20,30,0.667,8,26,34,25,7,0,15,17,99,-27,1
22023,1610612753,ORL,Orlando Magic,22300546,2024-01-13,ORL @ OKC,L,240,39,84,0.464,7,35,0.2,15,24,0.625,11,39,50,21,5,8,16,22,100,-12,1
22023,1610612753,ORL,Orlando Magic,22300476,2024-01-03,ORL @ SAC,L,290,44,90,0.489,25,44,0.568,22,27,0.815,7,32,39,33,10,7,21,30,135,-3,1
22023,1610612753,ORL,Orlando Magic,22300415,2023-12-27,ORL vs. PHI,L,240,31,79,0.392,9,33,0.273,21,24,0.875,9,34,43,17,5,11,16,18,92,-20,1
22023,1610612753,ORL,Orlando Magic,22300378,2023-12-21,ORL @ MIL,L,240,45,99,0.455,8,33,0.242,16,23,0.696,13,32,45,26,6,9,7,23,114,-4,1
22023,1610612753,ORL,Orlando Magic,22300282,2023-12-02,ORL @ BKN,L,240,35,88,0.398,9,29,0.31,22,27,0.815,8,29,37,24,3,5,11,27,101,-28,1
22023,1610612753,ORL,Orlando Magic,22300226,2023-11-22,ORL vs. DEN,W,240,44,81,0.543,10,29,0.345,26,30,0.867,11,30,41,27,9,7,12,21,124,5,1
22023,1610612753,ORL,Orlando Magic,22300196,2023-11-15,ORL @ CHI,W,240,32,82,0.39,8,28,0.286,24,30,0.8,12,34,46,20,12,3,15,21,96,2,1
22023,1610612753,ORL,Orlando Magic,22300114,2023-10-31,ORL @ LAC,L,240,38,81,0.469,7,30,0.233,19,33,0.576,7,33,40,23,9,3,16,24,102,-16,1
22023,1610612755,PHI,Philadelphia 76ers,22301140,2024-04-07,PHI @ SAS,W,290,52,114,0.456,12,39,0.308,17,19,0.895,8,38,46,31,15,3,12,20,133,7,1
22023,1610612755,PHI,Philadelphia 76ers,22301042,2024-03-25,PHI @ SAC,L,240,34,82,0.415,11,34,0.324,17,20,0.85,15,32,47,18,2,4,15,25,96,-12,1
22023,1610612755,PHI,Philadelphia 76ers,22300896,2024-03-06,PHI vs. MEM,L,240,39,102,0.382,13,35,0.371,18,21,0.857,17,30,47,25,11,9,11,21,109,-6,1
22023,1610612755,PHI,Philadelphia 76ers,22300805,2024-02-23,PHI vs. CLE,W,240,40,90,0.444,12,29,0.414,12,15,0.8,9,42,51,20,6,7,10,25,104,7,1
22023,1610612755,PHI,Philadelphia 76ers,22300753,2024-02-10,PHI @ WAS,W,240,48,100,0.48,8,27,0.296,15,23,0.652,13,35,48,28,8,4,11,18,119,6,1
22023,1610612755,PHI,Philadelphia 76ers,22300673,2024-01-30,PHI @ GSW,L,240,39,85,0.459,13,30,0.433,16,21,0.762,13,26,39,11,14,2,16,24,107,-12,1
22023,1610612755,PHI,Philadelphia 76ers,22300593,2024-01-20,PHI @ CHA,W,240,36,85,0.424,5,25,0.2,20,24,0.833,6,40,46,21,7,6,10,12,97,8,1
22023,1610612755,PHI,Philadelphia 76ers,22300566,2024-01-16,PHI vs. DEN,W,240,43,76,0.566,15,31,0.484,25,34,0.735,5,27,32,27,6,7,8,21,126,5,1
22023,1610612755,PHI,Philadelphia 76ers,22300495,2024-01-06,PHI vs. UTA,L,240,42,104,0.404,7,38,0.184,18,23,0.783,15,19,34,30,12,6,6,20,109,-11,1
22023,1610612755,PHI,Philadelphia 76ers,22300442,2023-12-30,PHI @ CHI,L,240,36,92,0.391,9,38,0.237,11,15,0.733,12,24,36,24,12,5,8,22,92,-13,1
22023,1610612755,PHI,Philadelphia 76ers,22300335,2023-12-16,PHI @ CHA,W,240,53,88,0.602,14,31,0.452,15,17,0.882,5,40,45,30,10,6,10,17,135,53,1
22023,1610612755,PHI,Philadelphia 76ers,22300232,2023-11-22,PHI @ MIN,L,240,34,87,0.391,7,32,0.219,24,30,0.8,16,32,48,21,9,12,15,23,99,-13,1
22023,1610612755,PHI,Philadelphia 76ers,22300194,2023-11-15,PHI vs. BOS,L,240,39,85,0.459,11,30,0.367,18,22,0.818,10,31,41,18,5,1,9,14,107,-10,1
22023,1610612755,PHI,Philadelphia 76ers,22300098,2023-10-29,PHI vs. POR,W,240,40,82,0.488,11,28,0.393,35,40,0.875,11,40,51,28,10,17,16,20,126,28,1
22023,1610612756,PHX,Phoenix Suns,22301165,2024-04-10,PHX @ LAC,W,240,46,95,0.484,18,50,0.36,14,15,0.933,9,39,48,29,8,6,13,13,124,16,1
22023,1610612756,PHX,Phoenix Suns,22301010,2024-03-21,PHX vs. ATL,W,240,41,74,0.554,22,41,0.537,24,27,0.889,7,31,38,28,4,11,17,19,128,13,1
22023,1610612756,PHX,Phoenix Suns,22300961,2024-03-15,PHX @ CHA,W,240,40,87,0.46,11,38,0.289,16,20,0.8,10,47,57,31,3,3,10,20,107,11,1
22023,1610612756,PHX,Phoenix Suns,22300878,2024-03-03,PHX vs. OKC,L,240,40,91,0.44,14,39,0.359,16,18,0.889,15,35,50,26,2,7,22,15,110,-8,1
22023,1610612756,PHX,Phoenix Suns,22300806,2024-02-23,PHX @ HOU,L,240,38,95,0.4,7,31,0.226,27,35,0.771,19,39,58,23,10,8,10,20,110,-4,1
22023,1610612756,PHX,Phoenix Suns,22300787,2024-02-14,PHX vs. DET,W,240,35,77,0.455,10,31,0.323,36,44,0.818,9,45,54,28,15,11,24,20,116,16,1
22023,1610612756,PHX,Phoenix Suns,22300661,2024-01-29,PHX @ MIA,W,240,46,94,0.489,14,40,0.35,12,17,0.706,10,37,47,30,8,8,8,16,118,13,1
22023,1610612756,PHX,Phoenix Suns,22300612,2024-01-22,PHX vs. CHI,W,240,44,85,0.518,14,34,0.412,13,17,0.765,5,34,39,32,5,5,7,13,115,2,1
22023,1610612756,PHX,Phoenix Suns,22300511,2024-01-08,PHX @ LAC,L,240,38,77,0.494,10,30,0.333,25,29,0.862,5,20,25,17,6,4,14,20,111,-27,1
22023,1610612756,PHX,Phoenix Suns,22300456,2024-01-01,PHX vs. POR,W,240,38,80,0.475,11,29,0.379,22,33,0.667,9,38,47,24,10,5,16,20,109,21,1
22023,1610612756,PHX,Phoenix Suns,22300317,2023-12-13,PHX vs. BKN,L,240,40,84,0.476,9,28,0.321,23,27,0.852,14,35,49,28,5,4,12,20,112,-4,1
22023,1610612756,PHX,Phoenix Suns,22300288,2023-12-02,PHX vs. MEM,W,240,36,83,0.434,9,26,0.346,35,43,0.814,12,32,44,24,10,5,17,21,116,7,1
22023,1610612756,PHX,Phoenix Suns,22300236,2023-11-22,PHX vs. GSW,W,240,34,76,0.447,11,28,0.393,44,52,0.846,11,32,43,22,9,8,15,22,123,8,1
22023,1610612756,PHX,Phoenix Suns,22300140,2023-11-05,PHX @ DET,W,240,43,86,0.5,8,21,0.381,26,29,0.897,14,29,43,29,8,10,18,13,120,14,1
22023,1610612757,POR,Portland Trail Blazers,22301183,2024-04-12,POR vs. HOU,L,240,37,95,0.389,12,35,0.343,21,29,0.724,16,32,48,20,4,5,7,14,107,-9,1
22023,1610612757,POR,Portland Trail Blazers,22301026,2024-03-23,POR vs. DEN,L,240,43,93,0.462,10,28,0.357,15,17,0.882,14,31,45,27,8,8,16,24,111,-3,1
22023,1610612757,POR,Portland Trail Blazers,22300960,2024-03-14,POR vs. NYK,L,240,34,84,0.405,11,33,0.333,14,16,0.875,13,32,45,19,10,2,18,19,93,-12,1
22023,1610612757,POR,Portland Trail Blazers,22300923,2024-03-09,POR vs. TOR,W,265,49,103,0.476,16,40,0.4,14,15,0.933,18,34,52,31,10,3,15,18,128,10,1
22023,1610612757,POR,Portland Trail Blazers,22300868,2024-03-02,POR @ MEM,W,265,39,92,0.424,11,35,0.314,18,24,0.75,13,37,50,23,8,5,23,25,107,7,1
22023,1610612757,POR,Portland Trail Blazers,22300668,2024-01-29,POR vs. PHI,W,240,46,84,0.548,12,28,0.429,26,29,0.897,11,28,39,29,7,5,13,24,130,26,1
22023,1610612757,POR,Portland Trail Blazers,22300623,2024-01-24,POR @ HOU,W,265,50,98,0.51,15,35,0.429,22,24,0.917,13,35,48,31,6,4,12,18,137,6,1
22023,1610612757,POR,Portland Trail Blazers,22300538,2024-01-12,POR @ MIN,L,240,30,77,0.39,10,28,0.357,23,34,0.676,10,28,38,18,8,5,20,19,93,-23,1
22023,1610612757,POR,Portland Trail Blazers,22300437,2023-12-29,POR vs. SAS,W,240,48,95,0.505,16,27,0.593,22,27,0.815,16,27,43,28,8,6,14,19,134,6,1
22023,1610612757,POR,Portland Trail Blazers,22300348,2023-12-17,POR vs. GSW,L,240,40,85,0.471,13,35,0.371,21,23,0.913,9,28,37,23,10,4,14,20,114,-4,1
22023,1610612757,POR,Portland Trail Blazers,22300254,2023-11-27,POR @ IND,W,240,40,85,0.471,9,18,0.5,25,31,0.806,9,29,38,20,6,4,16,21,114,4,1
22023,1610612757,POR,Portland Trail Blazers,22300237,2023-11-22,POR vs. UTA,W,240,47,92,0.511,17,39,0.436,10,15,0.667,14,23,37,31,9,6,14,21,121,16,1
22023,1610612757,POR,Portland Trail Blazers,22300199,2023-11-15,POR vs. CLE,L,240,34,91,0.374,13,38,0.342,14,16,0.875,8,22,30,24,9,3,14,21,95,-14,1
22023,1610612757,POR,Portland Trail Blazers,22300105,2023-10-30,POR @ TOR,W,240,38,85,0.447,11,35,0.314,12,15,0.8,13,38,51,20,6,7,16,19,99,8,1
22023,1610612758,SAC,Sacramento Kings,22301185,2024-04-12,SAC vs. PHX,L,240,40,91,0.44,14,38,0.368,13,14,0.929,9,26,35,26,12,1,7,19,107,-1,1
22023,1610612758,SAC,Sacramento Kings,22301118,2024-04-05,SAC @ BOS,L,240,38,99,0.384,17,51,0.333,7,13,0.538,15,39,54,21,4,3,7,15,100,-1,1
22023,1610612758,SAC,Sacramento Kings,22301047,2024-03-26,SAC vs. DAL,L,240,35,90,0.389,11,30,0.367,15,19,0.789,11,31,42,27,6,5,14,15,96,-36,1
22023,1610612758,SAC,Sacramento Kings,22301005,2024-03-21,SAC @ WAS,L,240,37,86,0.43,11,39,0.282,17,19,0.895,10,27,37,21,12,7,15,20,102,-7,1
22023,1610612758,SAC,Sacramento Kings,22300954,2024-03-13,SAC vs. LAL,W,240,46,88,0.523,19,41,0.463,9,12,0.75,9,35,44,30,11,2,14,19,120,13,1
22023,1610612758,SAC,Sacramento Kings,22300908,2024-03-07,SAC vs. SAS,W,240,52,102,0.51,10,32,0.313,17,18,0.944,14,32,46,31,8,3,13,15,131,2,1
22023,1610612758,SAC,Sacramento Kings,22300831,2024-02-26,SAC vs. MIA,L,240,45,85,0.529,13,32,0.406,7,12,0.583,11,30,41,30,10,5,15,20,110,-11,1
22023,1610612758,SAC,Sacramento Kings,22300786,2024-02-14,SAC @ DEN,W,240,39,89,0.438,9,33,0.273,15,19,0.789,10,38,48,21,7,5,15,18,102,4,1
22023,1610612758,SAC,Sacramento Kings,22300700,2024-02-03,SAC @ CHI,W,240,42,84,0.5,15,39,0.385,24,29,0.828,4,36,40,33,12,1,17,18,123,8,1
22023,1610612758,SAC,Sacramento Kings,22300518,2024-01-10,SAC @ CHA,W,240,46,89,0.517,13,35,0.371,18,23,0.783,14,39,53,24,2,8,10,15,123,25,1
22023,1610612758,SAC,Sacramento Kings,22300476,2024-01-03,SAC vs. ORL,W,290,51,105,0.486,15,40,0.375,21,31,0.677,18,40,58,36,9,3,21,21,138,3,1
22023,1610612758,SAC,Sacramento Kings,22300400,2023-12-23,SAC vs. MIN,L,240,37,85,0.435,8,33,0.242,16,21,0.762,8,32,40,23,10,2,11,20,98,-12,1
22023,1610612758,SAC,Sacramento Kings,22300309,2023-12-12,SAC @ LAC,L,240,36,86,0.419,10,37,0.27,17,24,0.708,7,31,38,27,8,2,14,19,99,-20,1
22023,1610612758,SAC,Sacramento Kings,22300264,2023-11-29,SAC vs. LAC,L,240,40,86,0.465,13,41,0.317,24,28,0.857,13,34,47,22,1,1,14,20,117,-14,1
22023,1610612758,SAC,Sacramento Kings,22300222,2023-11-20,SAC @ NOP,L,240,33,87,0.379,11,45,0.244,16,24,0.667,9,27,36,27,4,5,13,21,93,-36,1
22023,1610612759,SAS,San Antonio Spurs,22301163,2024-04-10,SAS @ OKC,L,240,32,96,0.333,9,40,0.225,16,20,0.8,4,43,47,24,8,4,15,14,89,-38,1
22023,1610612759,SAS,San Antonio Spurs,22301025,2024-03-23,SAS vs. PHX,L,240,40,85,0.471,9,33,0.273,17,21,0.81,8,26,34,27,6,6,15,9,106,-25,1
22023,1610612759,SAS,San Antonio Spurs,22300942,2024-03-12,SAS vs. HOU,L,240,39,82,0.476,11,36,0.306,12,14,0.857,10,32,42,30,9,5,15,20,101,-2,1
22023,1610612759,SAS,San Antonio Spurs,22300813,2024-02-23,SAS @ LAL,L,240,42,96,0.438,15,38,0.395,19,23,0.826,16,31,47,33,9,7,14,14,118,-5,1
22023,1610612759,SAS,San Antonio Spurs,22300734,2024-02-08,SAS @ ORL,L,240,42,81,0.519,11,35,0.314,16,17,0.941,4,23,27,29,7,5,15,16,111,-16,1
22023,1610612759,SAS,San Antonio Spurs,22300703,2024-02-03,SAS vs. CLE,L,240,36,98,0.367,12,40,0.3,17,21,0.81,14,40,54,23,6,6,12,13,101,-16,1
22023,1610612759,SAS,San Antonio Spurs,22300649,2024-01-27,SAS vs. MIN,W,240,46,84,0.548,13,30,0.433,8,15,0.533,14,25,39,35,7,7,15,14,113,1,1
22023,1610612759,SAS,San Antonio Spurs,22300594,2024-01-20,SAS @ WAS,W,240,51,96,0.531,12,31,0.387,17,23,0.739,14,35,49,38,6,10,17,19,131,4,1
22023,1610612759,SAS,San Antonio Spurs,22300548,2024-01-13,SAS vs. CHI,L,240,39,95,0.411,18,46,0.391,20,23,0.87,12,35,47,26,7,4,9,19,116,-6,1
22023,1610612759,SAS,San Antonio Spurs,22300437,2023-12-29,SAS @ POR,L,240,48,94,0.511,14,33,0.424,18,25,0.72,13,29,42,31,9,3,14,19,128,-6,1
22023,1610612759,SAS,San Antonio Spurs,22300278,2023-12-01,SAS @ NOP,L,240,38,83,0.458,16,39,0.41,14,17,0.824,8,31,39,28,5,5,20,21,106,-15,1
22023,1610612759,SAS,San Antonio Spurs,22300206,2023-11-18,SAS vs. MEM,L,240,36,83,0.434,15,40,0.375,21,26,0.808,12,28,40,26,5,9,15,28,108,-12,1
22023,1610612759,SAS,San Antonio Spurs,22300146,2023-11-06,SAS @ IND,L,240,40,94,0.426,8,26,0.308,23,30,0.767,12,24,36,26,7,5,11,15,111,-41,1
22023,1610612761,TOR,Toronto Raptors,22301160,2024-04-10,TOR @ BKN,L,240,35,94,0.372,16,40,0.4,16,18,0.889,15,30,45,19,8,5,10,22,102,-4,1
22023,1610612761,TOR,Toronto Raptors,22301108,2024-04-03,TOR @ MIN,L,240,33,90,0.367,7,30,0.233,12,14,0.857,10,38,48,19,4,6,21,15,85,-48,1
22023,1610612761,TOR,Toronto Raptors,22301022,2024-03-23,TOR @ WAS,L,240,40,94,0.426,8,33,0.242,21,26,0.808,13,29,42,27,9,7,12,20,109,-3,1
22023,1610612761,TOR,Toronto Raptors,22300804,2024-02-23,TOR @ ATL,W,240,50,102,0.49,15,39,0.385,8,8,1.0,11,36,47,37,3,7,12,20,123,2,1
22023,1610612761,TOR,Toronto Raptors,22300756,2024-02-10,TOR vs. CLE,L,240,35,87,0.402,9,31,0.29,16,23,0.696,12,28,40,22,7,3,11,14,95,-24,1
22023,1610612761,TOR,Toronto Raptors,22300718,2024-02-05,TOR @ NOP,L,240,40,84,0.476,10,31,0.323,10,15,0.667,10,28,38,27,4,6,18,12,100,-38,1
22023,1610612761,TOR,Toronto Raptors,22300580,2024-01-18,TOR vs. CHI,L,240,42,83,0.506,10,38,0.263,16,20,0.8,7,31,38,31,7,5,14,18,110,-6,1
22023,1610612761,TOR,Toronto Raptors,22300526,2024-01-10,TOR @ LAC,L,240,46,84,0.548,12,30,0.4,16,18,0.889,7,30,37,31,4,2,15,17,120,-6,1
22023,1610612761,TOR,Toronto Raptors,22300440,2023-12-30,TOR @ DET,L,240,46,91,0.505,12,24,0.5,23,28,0.821,6,27,33,26,9,5,8,27,127,-2,1
22023,1610612761,TOR,Toronto Raptors,22300395,2023-12-23,TOR vs. UTA,L,240,45,94,0.479,13,32,0.406,16,19,0.842,12,27,39,35,7,5,11,17,119,-7,1
22023,1610612761,TOR,Toronto Raptors,22300260,2023-11-29,TOR vs. PHX,W,240,42,93,0.452,10,27,0.37,18,21,0.857,15,34,49,25,7,5,10,22,112,7,1
22023,1610612761,TOR,Toronto Raptors,22300230,2023-11-22,TOR @ IND,W,240,48,90,0.533,11,27,0.407,25,30,0.833,13,33,46,26,7,3,19,15,132,1,1
22023,1610612761,TOR,Toronto Raptors,22300128,2023-11-02,TOR @ PHI,L,240,38,79,0.481,10,28,0.357,13,19,0.684,9,32,41,30,4,3,19,20,99,-15,1
22023,1610612761,TOR,Toronto Raptors,22300092,2023-10-28,TOR vs. PHI,L,240,38,87,0.437,17,32,0.531,14,19,0.737,13,28,41,28,5,5,13,19,107,-7,1
22023,1610612762,UTA,Utah Jazz,22301184,2024-04-12,UTA @ LAC,W,240,41,88,0.466,6,35,0.171,22,25,0.88,14,32,46,26,7,4,18,14,110,1,1
22023,1610612762,UTA,Utah Jazz,22301008,2024-03-21,UTA @ DAL,L,240,38,83,0.458,4,30,0.133,17,19,0.895,5,33,38,29,6,3,18,23,97,-16,1
22023,1610612762,UTA,Utah Jazz,22300974,2024-03-16,UTA vs. MIN,L,240,38,83,0.458,6,26,0.231,18,21,0.857,10,41,51,23,4,5,16,14,100,-19,1
22023,1610612762,UTA,Utah Jazz,22300576,2024-02-15,UTA vs. GSW,L,240,43,93,0.462,22,49,0.449,29,32,0.906,17,31,48,33,10,3,16,22,137,-3,1
22023,1610612762,UTA,Utah Jazz,22300671,2024-01-30,UTA @ NYK,L,240,39,86,0.453,12,36,0.333,13,17,0.765,15,28,43,23,3,5,15,16,103,-15,1
22023,1610612762,UTA,Utah Jazz,22300549,2024-01-13,UTA vs. LAL,W,240,42,93,0.452,12,37,0.324,36,39,0.923,13,39,52,28,7,5,10,20,132,7,1
22023,1610612762,UTA,Utah Jazz,22300495,2024-01-06,UTA @ PHI,W,240,46,80,0.575,8,30,0.267,20,24,0.833,9,39,48,30,4,4,24,18,120,11,1
22023,1610612762,UTA,Utah Jazz,22300374,2023-12-21,UTA @ DET,W,240,43,94,0.457,11,30,0.367,22,24,0.917,15,29,44,26,15,7,13,18,119,8,1
22023,1610612762,UTA,Utah Jazz,22300323,2023-12-14,UTA @ POR,W,240,49,92,0.533,11,33,0.333,13,14,0.929,13,32,45,27,9,9,11,14,122,8,1
22023,1610612762,UTA,Utah Jazz,22300270,2023-11-30,UTA @ MIN,L,240,33,87,0.379,11,34,0.324,13,14,0.929,13,38,51,22,6,4,21,19,90,-11,1
22023,1610612762,UTA,Utah Jazz,22300237,2023-11-22,UTA @ POR,L,240,37,79,0.468,10,31,0.323,21,26,0.808,14,30,44,25,7,3,24,13,105,-16,1
22023,1610612762,UTA,Utah Jazz,22300130,2023-11-02,UTA vs. ORL,L,240,41,89,0.461,12,33,0.364,19,26,0.731,13,35,48,27,9,7,20,27,113,-2,1
22023,1610612762,UTA,Utah Jazz,22300094,2023-10-28,UTA @ PHX,L,240,40,91,0.44,12,37,0.324,12,14,0.857,15,30,45,26,6,5,19,20,104,-22,1
22023,1610612764,WAS,Washington Wizards,22301103,2024-04-03,WAS vs. LAL,L,240,45,91,0.495,18,42,0.429,12,13,0.923,6,33,39,26,11,4,18,22,120,-5,1
22023,1610612764,WAS,Washington Wizards,22300980,2024-03-17,WAS vs. BOS,L,240,41,89,0.461,10,34,0.294,12,14,0.857,10,30,40,24,3,5,16,20,104,-26,1
22023,1610612764,WAS,Washington Wizards,22300865,2024-03-01,WAS @ LAC,L,240,46,98,0.469,12,34,0.353,11,15,0.733,9,30,39,29,5,3,10,17,115,-25,1
22023,1610612764,WAS,Washington Wizards,22300809,2024-02-23,WAS @ OKC,L,240,41,104,0.394,9,38,0.237,15,21,0.714,16,27,43,20,10,3,16,17,106,-41,1
22023,1610612764,WAS,Washington Wizards,22300753,2024-02-10,WAS vs. PHI,L,240,42,86,0.488,13,35,0.371,16,21,0.762,7,32,39,28,7,8,17,23,113,-6,1
22023,1610612764,WAS,Washington Wizards,22300628,2024-01-25,WAS vs. UTA,L,240,43,88,0.489,7,30,0.233,15,20,0.75,5,30,35,33,11,7,11,14,108,-15,1
22023,1610612764,WAS,Washington Wizards,22300602,2024-01-21,WAS vs. DEN,L,240,39,91,0.429,8,27,0.296,18,22,0.818,12,28,40,31,6,9,13,23,104,-9,1
22023,1610612764,WAS,Washington Wizards,22300494,2024-01-06,WAS vs. NYK,L,240,40,85,0.471,13,37,0.351,12,20,0.6,12,33,45,33,5,3,20,20,105,-16,1
22023,1610612764,WAS,Washington Wizards,22300416,2023-12-27,WAS vs. TOR,L,240,42,90,0.467,8,33,0.242,10,15,0.667,10,24,34,25,11,3,17,17,102,-30,1
22023,1610612764,WAS,Washington Wizards,22300386,2023-12-22,WAS @ GSW,L,240,44,97,0.454,11,35,0.314,19,24,0.792,9,30,39,25,7,4,9,16,118,-11,1
22023,1610612764,WAS,Washington Wizards,22300358,2023-12-18,WAS @ SAC,L,240,44,85,0.518,18,38,0.474,25,30,0.833,5,34,39,26,3,6,12,21,131,-12,1
22023,1610612764,WAS,Washington Wizards,22300241,2023-11-25,WAS vs. ATL,L,240,43,88,0.489,10,38,0.263,12,12,1.0,8,33,41,33,5,6,20,17,108,-28,1
22023,1610612764,WAS,Washington Wizards,22300189,2023-11-13,WAS @ TOR,L,240,43,84,0.512,12,26,0.462,9,12,0.75,8,30,38,32,11,5,22,22,107,-4,1
